<?xml version='1.0' encoding='utf-8' standalone='yes' ?>
<map>
    <string name="prev_event_name">appClose</string>
    <boolean name="didSendRevenueTriggerOnLastBackground" value="true" />
    <long name="prev_event_timestamp" value="1761620276973" />
    <int name="appsFlyerInAppEventCount" value="28" />
    <string name="gcd">{&quot;net&quot;:1609,&quot;retries&quot;:0}</string>
    <long name="prev_session_dur" value="28" />
    <boolean name="ddl_sent" value="true" />
    <long name="af_rc_max_age" value="86400" />
    <string name="sentSuccessfully">true</string>
    <int name="versionCode" value="393" />
    <string name="af_remote_config">eyJmZWF0dXJlcyI6e30sInZlciI6ImRlZmF1bHQudjEuMTYzNzE0OTUyOSJ9</string>
    <string name="savedProperties">{&quot;uid&quot;:&quot;1761620233511-5753154170066504232&quot;,&quot;waitForCustomerId&quot;:&quot;false&quot;,&quot;onelinkVersion&quot;:&quot;4&quot;,&quot;logLevel&quot;:&quot;4&quot;,&quot;oneLinkSlug&quot;:&quot;Lz3o&quot;,&quot;onelinkDomain&quot;:&quot;dashreels.onelink.me&quot;,&quot;additionalCustomData&quot;:&quot;{\&quot;userId:\&quot;:\&quot;MCq7sRsgwhVYoaguJNe6SF8CNNf2\&quot;}&quot;,&quot;AppUserId&quot;:&quot;looZqu3tJ2a6pGolKKJI0J0r2PK2&quot;}</string>
    <string name="AF_INSTALLATION">1761620233511-5753154170066504232</string>
    <boolean name="afUninstallToken_queued" value="false" />
    <int name="appsFlyerCount" value="3" />
    <long name="af_rc_timestamp" value="1761620233958" />
    <long name="AppsFlyerTimePassedSincePrevLaunch" value="1761620248658" />
    <boolean name="newGPReferrerSent" value="true" />
    <string name="first_launch">{&quot;net&quot;:2528,&quot;from_fg&quot;:1551,&quot;start_with&quot;:&quot;activity&quot;,&quot;init_to_fg&quot;:98}</string>
    <string name="appsFlyerFirstInstall">2025-10-28_082713+0530</string>
    <string name="attributionId">{&quot;install_time&quot;:&quot;2025-10-28 02:57:25.676&quot;,&quot;af_message&quot;:&quot;organic install&quot;,&quot;af_status&quot;:&quot;Organic&quot;,&quot;is_first_launch&quot;:false}</string>
</map>
