<?xml version='1.0' encoding='utf-8' standalone='yes' ?>
<map>
    <boolean name="had_persisted_distinct_id" value="false" />
    <string name="super_properties">{&quot;isAnonymous&quot;:false,&quot;phoneNumber&quot;:true,&quot;userEmail&quot;:&quot;&quot;,&quot;userName&quot;:&quot;&quot;,&quot;userId&quot;:&quot;looZqu3tJ2a6pGolKKJI0J0r2PK2&quot;,&quot;$lib_version&quot;:&quot;2.4.4&quot;,&quot;mp_lib&quot;:&quot;flutter&quot;}</string>
    <boolean name="events_user_id_present" value="true" />
    <string name="people_distinct_id">looZqu3tJ2a6pGolKKJI0J0r2PK2</string>
    <string name="events_distinct_id">looZqu3tJ2a6pGolKKJI0J0r2PK2</string>
    <string name="anonymous_id">1e37321c-fd5d-4b1f-95af-eea3e1ab34ea</string>
</map>
