<?xml version='1.0' encoding='utf-8' standalone='yes' ?>
<map>
    <boolean name="measurement_enabled_from_api" value="true" />
    <boolean name="deep_link_retrieval_complete" value="true" />
    <long name="first_open_time" value="1761620268259" />
    <string name="gmp_app_id">1:656055924537:android:cefe928c189ab71c5d9ae8</string>
    <string name="app_instance_id">99a1d958bdb3c01ff58d717ac23005a8</string>
    <long name="deep_link_retrieval_attempts" value="1" />
    <long name="session_id" value="1761620268" />
    <boolean name="app_backgrounded" value="true" />
    <long name="health_monitor:start" value="1761620224730" />
    <boolean name="use_service" value="true" />
    <long name="deferred_attribution_cache_timestamp" value="0" />
    <boolean name="deferred_analytics_collection" value="false" />
    <string name="previous_os_version">14</string>
    <boolean name="measurement_enabled" value="true" />
    <boolean name="has_been_opened" value="true" />
    <boolean name="allow_remote_dynamite" value="true" />
    <long name="last_pause_time" value="1761620274558" />
    <boolean name="start_new_session" value="false" />
</map>
