<?xml version='1.0' encoding='utf-8' standalone='yes' ?>
<map>
    <string name="/v1/subscribers/%24RCAnonymousID%3A17360b52cd5841bd9e93f5e863a47525/offerings">{&quot;eTag&quot;:&quot;d14d915c81af4410&quot;,&quot;lastRefreshTime&quot;:1761620272956,&quot;httpResult&quot;:&quot;{\&quot;responseCode\&quot;:200,\&quot;payload\&quot;:\&quot;{\\\&quot;current_offering_id\\\&quot;:null,\\\&quot;offerings\\\&quot;:[],\\\&quot;placements\\\&quot;:{\\\&quot;fallback_offering_id\\\&quot;:null}}\\n\&quot;,\&quot;origin\&quot;:\&quot;CACHE\&quot;,\&quot;requestDate\&quot;:1761620272881,\&quot;verificationResult\&quot;:\&quot;NOT_REQUESTED\&quot;}&quot;}</string>
    <string name="/v1/subscribers/%24RCAnonymousID%3A17360b52cd5841bd9e93f5e863a47525">{&quot;eTag&quot;:&quot;2ae5ab0f20ac4731&quot;,&quot;lastRefreshTime&quot;:1761620273278,&quot;httpResult&quot;:&quot;{\&quot;responseCode\&quot;:201,\&quot;payload\&quot;:\&quot;{\\\&quot;request_date\\\&quot;:\\\&quot;2025-10-28T02:57:53Z\\\&quot;,\\\&quot;request_date_ms\\\&quot;:1761620273195,\\\&quot;subscriber\\\&quot;:{\\\&quot;entitlements\\\&quot;:{},\\\&quot;first_seen\\\&quot;:\\\&quot;2025-10-28T02:57:53Z\\\&quot;,\\\&quot;last_seen\\\&quot;:\\\&quot;2025-10-28T02:57:53Z\\\&quot;,\\\&quot;management_url\\\&quot;:null,\\\&quot;non_subscriptions\\\&quot;:{},\\\&quot;original_app_user_id\\\&quot;:\\\&quot;$RCAnonymousID:17360b52cd5841bd9e93f5e863a47525\\\&quot;,\\\&quot;original_application_version\\\&quot;:null,\\\&quot;original_purchase_date\\\&quot;:null,\\\&quot;other_purchases\\\&quot;:{},\\\&quot;subscriptions\\\&quot;:{}}}\\n\&quot;,\&quot;origin\&quot;:\&quot;CACHE\&quot;,\&quot;requestDate\&quot;:1761620273195,\&quot;verificationResult\&quot;:\&quot;NOT_REQUESTED\&quot;}&quot;}</string>
    <string name="/v1/subscribers/identify">{&quot;eTag&quot;:&quot;9261322ab74ab752&quot;,&quot;lastRefreshTime&quot;:1761620273651,&quot;httpResult&quot;:&quot;{\&quot;responseCode\&quot;:200,\&quot;payload\&quot;:\&quot;{\\\&quot;request_date\\\&quot;:\\\&quot;2025-10-28T02:57:53Z\\\&quot;,\\\&quot;request_date_ms\\\&quot;:1761620273559,\\\&quot;subscriber\\\&quot;:{\\\&quot;entitlements\\\&quot;:{},\\\&quot;first_seen\\\&quot;:\\\&quot;2025-09-06T09:42:59Z\\\&quot;,\\\&quot;last_seen\\\&quot;:\\\&quot;2025-10-17T19:34:48Z\\\&quot;,\\\&quot;management_url\\\&quot;:null,\\\&quot;non_subscriptions\\\&quot;:{},\\\&quot;original_app_user_id\\\&quot;:\\\&quot;$RCAnonymousID:97c4cabf2a3442519b237d6b762fb6dc\\\&quot;,\\\&quot;original_application_version\\\&quot;:null,\\\&quot;original_purchase_date\\\&quot;:null,\\\&quot;other_purchases\\\&quot;:{},\\\&quot;subscriptions\\\&quot;:{}}}\\n\&quot;,\&quot;origin\&quot;:\&quot;CACHE\&quot;,\&quot;requestDate\&quot;:1761620273559,\&quot;verificationResult\&quot;:\&quot;NOT_REQUESTED\&quot;}&quot;}</string>
    <string name="/v1/subscribers/looZqu3tJ2a6pGolKKJI0J0r2PK2/offerings">{&quot;eTag&quot;:&quot;d14d915c81af4410&quot;,&quot;lastRefreshTime&quot;:1761620273941,&quot;httpResult&quot;:&quot;{\&quot;responseCode\&quot;:200,\&quot;payload\&quot;:\&quot;{\\\&quot;current_offering_id\\\&quot;:null,\\\&quot;offerings\\\&quot;:[],\\\&quot;placements\\\&quot;:{\\\&quot;fallback_offering_id\\\&quot;:null}}\\n\&quot;,\&quot;origin\&quot;:\&quot;CACHE\&quot;,\&quot;requestDate\&quot;:1761620273868,\&quot;verificationResult\&quot;:\&quot;NOT_REQUESTED\&quot;}&quot;}</string>
</map>
