<?xml version='1.0' encoding='utf-8' standalone='yes' ?>
<map>
    <string name="auid">d8f43c14-587a-4661-b45f-d2eda101a294</string>
    <string name="search_keys">{&quot;success&quot;:&quot;&quot;,&quot;fail&quot;:&quot;&quot;,&quot;searchKeys&quot;:[&quot;market://&quot;,&quot;play.google.com&quot;],&quot;acknowledgeWith&quot;:&quot;acknowledgeMessage&quot;,&quot;declineWith&quot;:&quot;errorTest&quot;}</string>
    <string name="ssaGlobalAppData">{&quot;controllerVersion&quot;:&quot;3073&quot;}</string>
    <string name="version">8.8.0</string>
    <string name="unityads-idfi">b142097a-3789-4efd-b2de-b28fa1f44b42</string>
</map>
